话题id,话题,热度值,发布视频量,播放量,稿均播放量,话题创建时间,话题时间热度键值对,差分值,趋势
1633947058826243,北京相亲,372745,12860,151762418,11801,2019-05-19 08:09:04,"[('20240906', 303), ('20240907', 250), ('20240908', 360), ('20240909', 357), ('20240910', 308), ('20240911', 1173), ('20240912', 441535), ('20240913', 228265), ('20240914', 111719), ('20240915', 44230), ('20240916', 30417), ('20240917', 11100), ('20240918', 4483), ('20240919', 2187)]",1884,整体上升趋势
1767587394289678,直男必看,223855,131011,2804987381,21410,2023-06-02 10:45:24,"[('20240907', 47441), ('20240910', 0), ('20240911', 54773), ('20240912', 0), ('20240915', 27955), ('20240917', 73508), ('20240919', 28575)]",-18866,整体下降趋势
1685798903810052,感情升温小技巧,186392,70746,1542405398,21802,2020-12-11 16:18:14,"[('20240906', 33387), ('20240907', 27451), ('20240908', 50425), ('20240909', 22866), ('20240910', 15382), ('20240911', 18599), ('20240912', 8357), ('20240913', 19926), ('20240914', 22917), ('20240915', 24640), ('20240916', 53560), ('20240917', 21406), ('20240918', 34830), ('20240919', 57225)]",23838,整体上升趋势
1658491612968968,拒绝恋爱脑,34748,80531,1178656932,14636,2020-02-14 06:14:24,"[('20240906', 1191), ('20240907', 1006), ('20240908', 4687), ('20240909', 7346), ('20240910', 7197), ('20240911', 6574), ('20240912', 2149), ('20240913', 5590), ('20240914', 4372), ('20240915', 6166), ('20240916', 12773), ('20240917', 6235), ('20240918', 4787), ('20240919', 5463)]",4272,整体上升趋势
1600621891702804,如何抓住男人的心,28337,47671,1161469842,24364,2018-05-16 11:59:48,"[('20240906', 6948), ('20240907', 6490), ('20240908', 7877), ('20240909', 6945), ('20240910', 5713), ('20240911', 4859), ('20240912', 5712), ('20240913', 6666), ('20240914', 5438), ('20240915', 4983), ('20240916', 4142), ('20240917', 4751), ('20240918', 5367), ('20240919', 15988)]",9040,整体上升趋势
1651034253621261,自我觉醒,21058,82337,273403699,3320,2019-11-23 22:42:43,"[('20240906', 1271), ('20240907', 1267), ('20240908', 953), ('20240909', 1236), ('20240910', 1181), ('20240911', 1142), ('20240912', 1960), ('20240913', 3243), ('20240914', 1964), ('20240915', 1747), ('20240916', 1492), ('20240917', 2069), ('20240918', 2146), ('20240919', 14875)]",13604,整体上升趋势
1589211715982340,追女生,374571,852496,25473576733,29881,2018-01-10 13:19:57,"[('20240906', 55616), ('20240907', 81819), ('20240908', 120798), ('20240909', 65787), ('20240910', 81775), ('20240911', 52618), ('20240912', 47521), ('20240913', 52985), ('20240914', 51939), ('20240915', 49696), ('20240916', 138110), ('20240917', 92391), ('20240918', 120449), ('20240919', 75420)]",19804,整体上升趋势
7380929957771347977,韦雪直播间,17332,135,6886031,51007,2024-06-16 02:58:32,"[('20240906', 333), ('20240907', 302), ('20240908', 201), ('20240909', 190), ('20240910', 90), ('20240911', 117), ('20240912', 96), ('20240913', 181), ('20240914', 9901), ('20240915', 0), ('20240915', 8626), ('20240916', 0), ('20240916', 123), ('20240917', 177), ('20240918', 119), ('20240919', 176)]",-157,整体下降趋势
1624964059762699,经营婚姻,15303,10610,645642619,60852,2019-02-09 04:28:09,"[('20240906', 1718), ('20240906', 0), ('20240907', 1673), ('20240908', 2114), ('20240909', 3550), ('20240910', 2130), ('20240911', 4094), ('20240912', 3324), ('20240913', 3658), ('20240914', 3677), ('20240915', 2673), ('20240916', 1737), ('20240917', 2448), ('20240917', 0), ('20240918', 3364), ('20240919', 3319)]",1601,整体上升趋势
1705442050641928,下头瞬间,13286,6275,128082802,20411,2021-07-16 11:51:27,"[('20240906', 271), ('20240907', 410), ('20240908', 301), ('20240908', 0), ('20240909', 256), ('20240910', 246), ('20240911', 194), ('20240912', 9416), ('20240912', 0), ('20240913', 5730), ('20240914', 2401), ('20240915', 1786), ('20240916', 2510), ('20240917', 1862), ('20240918', 1115), ('20240919', 2148)]",1877,整体上升趋势
1587370005865486,情话套路,12826,24551,616404286,25107,2017-12-21 05:26:45,"[('20240906', 6131), ('20240907', 6099), ('20240908', 5026), ('20240909', 3491), ('20240910', 3086), ('20240911', 2302), ('20240912', 1339), ('20240913', 1311), ('20240914', 1232), ('20240915', 3053), ('20240916', 3638), ('20240917', 2255), ('20240918', 0), ('20240918', 2946), ('20240919', 2423)]",-3708,整体下降趋势
1587766395102221,心里的话,11159,9740,61332172,6296,2017-12-25 14:27:11,"[('20240906', 3303), ('20240907', 3419), ('20240908', 2360), ('20240909', 1814), ('20240910', 4060), ('20240911', 2210), ('20240912', 2499), ('20240913', 2477), ('20240914', 2867), ('20240915', 2078), ('20240916', 2903), ('20240917', 2637), ('20240918', 3402), ('20240919', 2828)]",-475,整体下降趋势
1664846613390343,每天一个实话,10737,11254,2078387937,184679,2020-04-24 09:44:24,"[('20240906', 2648), ('20240907', 2803), ('20240908', 3089), ('20240909', 2499), ('20240910', 2904), ('20240911', 2717), ('20240912', 3102), ('20240913', 3286), ('20240914', 3284), ('20240915', 2965), ('20240916', 2777), ('20240917', 2776), ('20240918', 2740), ('20240919', 3131)]",483,整体上升趋势
1660564408016904,回避型,9370,8003,60032119,7501,2020-03-08 03:20:30,"[('20240906', 864), ('20240907', 674), ('20240908', 718), ('20240909', 646), ('20240910', 547), ('20240911', 570), ('20240912', 353), ('20240913', 375), ('20240914', 532), ('20240915', 409), ('20240916', 466), ('20240917', 4393), ('20240918', 3408), ('20240919', 2082)]",1218,整体上升趋势
1783168595311628,栗子有话说,40312,2963,352144365,118847,2023-11-21 10:22:24,"[('20240906', 6096), ('20240907', 7049), ('20240908', 6775), ('20240909', 6696), ('20240910', 5508), ('20240911', 5784), ('20240912', 6051), ('20240913', 5116), ('20240914', 5059), ('20240915', 5094), ('20240916', 5344), ('20240917', 8732), ('20240918', 16300), ('20240919', 16769)]",10673,整体上升趋势
1598915208699907,聊天技巧,206298,654206,13840207275,21155,2018-04-27 15:52:49,"[('20240906', 36425), ('20240907', 51565), ('20240908', 39729), ('20240909', 45100), ('20240910', 39050), ('20240911', 35653), ('20240912', 31016), ('20240913', 42827), ('20240914', 44517), ('20240915', 33974), ('20240916', 46696), ('20240917', 61310), ('20240918', 45785), ('20240919', 43207)]",6782,整体上升趋势
1608571136318471,十二星座性格分析,7989,18325,298984620,16315,2018-08-12 05:49:39,"[('20240906', 906), ('20240907', 1507), ('20240908', 1083), ('20240909', 6010), ('20240910', 3367), ('20240911', 889), ('20240912', 392), ('20240913', 266), ('20240914', 1016), ('20240915', 1360), ('20240916', 775), ('20240917', 1227), ('20240918', 2187), ('20240919', 3707)]",2801,整体上升趋势
1659519876552711,上海男生,7242,207,4754153,22966,2020-02-25 14:38:08,"[('20240906', 228), ('20240907', 104), ('20240908', 67), ('20240909', 88), ('20240910', 186), ('20240911', 209), ('20240912', 5009), ('20240913', 2446), ('20240914', 1317), ('20240915', 1835), ('20240916', 1164), ('20240917', 334), ('20240918', 1324), ('20240919', 907)]",679,整体上升趋势
1710690272918542,姚大牙,13025,359,274502083,764629,2021-09-12 10:11:33,"[('20240906', 2449), ('20240907', 2400), ('20240908', 2654), ('20240909', 2564), ('20240910', 2710), ('20240911', 2776), ('20240912', 2276), ('20240913', 2212), ('20240914', 2033), ('20240915', 2005), ('20240916', 1910), ('20240917', 1898), ('20240918', 2467), ('20240919', 9633)]",7184,整体上升趋势
1618950254272516,冷静期,6760,6987,219825660,31462,2018-12-04 19:21:17,"[('20240906', 293), ('20240907', 257), ('20240908', 251), ('20240909', 234), ('20240910', 227), ('20240911', 223), ('20240912', 217), ('20240913', 182), ('20240914', 266), ('20240915', 242), ('20240916', 2382), ('20240917', 2269), ('20240918', 597), ('20240919', 2748)]",2455,整体上升趋势
1667356617341972,精神交流,6610,122,1965575,16111,2020-05-22 02:41:49,"[('20240906', 21), ('20240907', 21), ('20240908', 29), ('20240909', 35), ('20240910', 30), ('20240910', 0), ('20240911', 21), ('20240912', 28), ('20240913', 36), ('20240914', 21), ('20240915', 21), ('20240916', 6074), ('20240916', 0), ('20240917', 513), ('20240918', 247), ('20240918', 0), ('20240919', 173)]",152,整体上升趋势
1767587370920967,恋爱指导,6587,76562,748121662,9771,2023-06-02 10:45:24,"[('20240907', 2210), ('20240908', 0), ('20240910', 2328), ('20240911', 0), ('20240912', 0), ('20240915', 2078), ('20240917', 0), ('20240919', 2287)]",77,整体上升趋势
1672967392222221,跑步感慨,6407,8,332484,41560,2020-07-23 01:02:15,"[('20240918', 1661), ('20240919', 5183)]",3522,整体上升趋势
1591085400267789,恋爱观,87048,127336,4696060632,36879,2018-01-31 05:41:21,"[('20240906', 27461), ('20240907', 25078), ('20240908', 26252), ('20240909', 26382), ('20240910', 15201), ('20240911', 16720), ('20240912', 17169), ('20240913', 14532), ('20240914', 12665), ('20240915', 14374), ('20240916', 11174), ('20240917', 12041), ('20240918', 28762), ('20240919', 24381)]",-3080,整体下降趋势
1648794028071943,大学生谈恋爱,4883,532,25820694,48535,2019-10-30 05:15:18,"[('20240919', 132)]",0,无明显趋势变化
1673966979521549,情绪反扑,4471,21922,154685256,7056,2020-08-03 01:48:37,"[('20240906', 287), ('20240907', 210), ('20240908', 267), ('20240909', 802), ('20240910', 7339), ('20240911', 4528), ('20240912', 8542), ('20240913', 1719), ('20240914', 706), ('20240914', 0), ('20240915', 679), ('20240916', 781), ('20240917', 709), ('20240918', 642), ('20240919', 781)]",494,整体上升趋势
1585874119072814,多金,4251,7347,408661676,55622,2017-12-04 17:10:16,"[('20240906', 1311), ('20240907', 1450), ('20240908', 1493), ('20240909', 1327), ('20240910', 1131), ('20240911', 1356), ('20240912', 1179), ('20240913', 1232), ('20240914', 1001), ('20240915', 781), ('20240916', 893), ('20240917', 1384), ('20240918', 1289), ('20240919', 1666)]",355,整体上升趋势
1650854757891079,回避型依恋,4170,16915,168571934,9965,2019-11-21 23:09:43,"[('20240906', 1135), ('20240907', 1026), ('20240908', 1095), ('20240909', 1091), ('20240910', 927), ('20240911', 1064), ('20240912', 1280), ('20240913', 1309), ('20240914', 927), ('20240915', 1109), ('20240916', 1065), ('20240917', 1010), ('20240918', 928), ('20240919', 885)]",-250,整体下降趋势
1613739727061070,提升魅力,3932,887,39260766,44262,2018-10-08 07:02:11,"[('20240906', 1160), ('20240907', 1075), ('20240908', 1143), ('20240909', 1046), ('20240910', 760), ('20240911', 759), ('20240911', 0), ('20240912', 7424), ('20240913', 0), ('20240913', 586), ('20240914', 684), ('20240915', 0), ('20240915', 780), ('20240916', 801), ('20240917', 825), ('20240917', 0), ('20240918', 765), ('20240919', 671)]",-489,整体下降趋势
1583482164704286,挑剔,3788,3966,107655707,27144,2017-11-08 07:31:11,"[('20240906', 6279), ('20240907', 4278), ('20240908', 3948), ('20240909', 2748), ('20240910', 2050), ('20240911', 1047), ('20240912', 855), ('20240913', 560), ('20240914', 661), ('20240915', 806), ('20240916', 744), ('20240917', 805), ('20240918', 612), ('20240919', 834)]",-5445,整体下降趋势
1666670886214669,孙能能讲故事,3727,891,1248445040,1401172,2020-05-14 13:00:57,"[('20240906', 2375), ('20240907', 2243), ('20240908', 2231), ('20240909', 2067), ('20240910', 2076), ('20240911', 1649), ('20240912', 1672), ('20240913', 1675), ('20240914', 1593), ('20240915', 1791), ('20240916', 1777), ('20240917', 1802), ('20240918', 1846), ('20240919', 1720)]",-655,整体下降趋势
1707337961143373,狗粮式超甜示爱,3662,4460,126242997,28305,2021-08-06 10:07:49,"[('20240919', 725)]",0,无明显趋势变化
1670939361918990,择偶定位,3362,4397,78420912,17835,2020-06-30 15:47:06,"[('20240906', 345), ('20240907', 345), ('20240908', 916), ('20240909', 1080), ('20240910', 387), ('20240911', 385), ('20240912', 241), ('20240913', 387), ('20240914', 559), ('20240915', 2092), ('20240916', 578), ('20240917', 500), ('20240918', 497), ('20240919', 521)]",176,整体上升趋势
1685595767321614,咨询师方亮,3298,1091,241109774,220998,2020-12-09 10:24:36,"[('20240906', 0), ('20240909', 0), ('20240910', 0), ('20240912', 1477), ('20240913', 0), ('20240914', 0), ('20240917', 1351), ('20240919', 1556)]",1556,整体上升趋势
1647991539203083,贵妇圈,3051,693,14522968,20956,2019-10-21 08:40:05,"[('20240906', 21), ('20240907', 24), ('20240908', 25), ('20240909', 24), ('20240910', 21), ('20240911', 21), ('20240913', 616), ('20240914', 0), ('20240914', 1076), ('20240915', 626), ('20240916', 515), ('20240917', 467), ('20240918', 372), ('20240919', 263)]",242,整体上升趋势
1766413021292559,用上帝视角看女人,2961,234,11522151,49239,2023-05-20 11:39:57,"[('20240906', 339), ('20240907', 361), ('20240908', 6820), ('20240909', 8490), ('20240910', 4374), ('20240911', 2242), ('20240912', 1821), ('20240913', 909), ('20240914', 828), ('20240915', 502), ('20240916', 590), ('20240917', 803), ('20240918', 801), ('20240919', 827)]",488,整体上升趋势
1636662492301316,情绪价值如何正确提供,2802,5671,104828953,18485,2019-06-18 07:29:44,"[('20240906', 599), ('20240906', 0), ('20240907', 2622), ('20240908', 0), ('20240908', 1402), ('20240909', 1409), ('20240910', 1602), ('20240911', 1567), ('20240912', 1794), ('20240913', 1185), ('20240914', 669), ('20240915', 717), ('20240916', 406), ('20240917', 0), ('20240917', 359), ('20240918', 354), ('20240919', 219)]",-380,整体下降趋势
1637177079808004,无常的人生,2559,14638,304146118,20777,2019-06-23 23:48:52,"[('20240906', 306), ('20240907', 16663), ('20240908', 37073), ('20240909', 7906), ('20240910', 3885), ('20240911', 2638), ('20240912', 1332), ('20240913', 843), ('20240914', 0), ('20240914', 702), ('20240915', 520), ('20240916', 403), ('20240917', 355), ('20240918', 0), ('20240918', 297), ('20240919', 492)]",186,整体上升趋势
1769942899832839,你要爱一个本身就很好的人,2199,60538,245362893,4053,2023-06-28 10:46:46,"[('20240906', 960), ('20240907', 1170), ('20240908', 1147), ('20240909', 889), ('20240910', 1048), ('20240911', 934), ('20240912', 1410), ('20240913', 969), ('20240914', 1125), ('20240915', 1069), ('20240916', 792), ('20240917', 873), ('20240918', 848), ('20240919', 1007)]",47,整体上升趋势
1638402946744324,失望攒够了就不会再期望了,2173,37306,111155153,2979,2019-07-07 12:33:30,"[('20240906', 166), ('20240907', 62), ('20240908', 100), ('20240909', 83), ('20240910', 1711), ('20240911', 2649), ('20240912', 991), ('20240913', 516), ('20240914', 482), ('20240915', 494), ('20240916', 471), ('20240917', 445), ('20240917', 0), ('20240918', 362), ('20240919', 363)]",197,整体上升趋势
1608672797775885,男人喜欢什么样的女人,1922,7739,104031415,13442,2018-08-13 08:45:31,"[('20240906', 1181), ('20240907', 1183), ('20240908', 1115), ('20240909', 1445), ('20240910', 998), ('20240911', 982), ('20240912', 1074), ('20240913', 1043), ('20240914', 954), ('20240915', 922), ('20240916', 688), ('20240917', 1101), ('20240918', 864), ('20240919', 807)]",-374,整体下降趋势
1750474137740299,单身人必看的脱单技巧,1876,40376,398752532,9875,2022-11-25 13:17:56,"[('20240906', 777), ('20240907', 633), ('20240908', 580), ('20240909', 662), ('20240910', 502), ('20240911', 645), ('20240912', 546), ('20240913', 486), ('20240914', 522), ('20240915', 705), ('20240916', 768), ('20240917', 537), ('20240918', 743), ('20240919', 718)]",-59,整体下降趋势
1726987862222851,恋爱脑切除手术,3448,21,146478,6975,2022-03-11 07:37:34,"[('20240918', 1638), ('20240919', 2115)]",477,整体上升趋势
1709217214195715,没有结果的恋爱就没有意义吗,1732,5137,71979906,14012,2021-08-27 03:56:26,"[('20240906', 1786), ('20240907', 1276), ('20240908', 1554), ('20240909', 1357), ('20240910', 1082), ('20240911', 0), ('20240911', 700), ('20240912', 309), ('20240912', 0), ('20240913', 204), ('20240914', 187), ('20240915', 174), ('20240916', 646), ('20240917', 502), ('20240918', 303), ('20240918', 0), ('20240919', 316)]",-1470,整体下降趋势
1675204354191367,普男,1697,1582,20005268,12645,2020-08-16 17:40:15,"[('20240906', 478), ('20240907', 430), ('20240908', 574), ('20240909', 576), ('20240910', 454), ('20240911', 425), ('20240912', 407), ('20240913', 400), ('20240914', 347), ('20240915', 338), ('20240916', 306), ('20240917', 360), ('20240918', 350), ('20240919', 246)]",-232,整体下降趋势
1773629430096925,最遗憾是错过你失恋状态共鸣,1662,459,65689786,143115,2023-08-08 03:27:15,"[('20240919', 284)]",0,无明显趋势变化
1606389362474055,开智,1577,2058,12955811,6295,2018-07-19 03:51:17,"[('20240906', 31), ('20240907', 47), ('20240908', 54), ('20240909', 30), ('20240909', 0), ('20240910', 40), ('20240911', 66), ('20240912', 65), ('20240913', 1157), ('20240914', 473), ('20240915', 61), ('20240916', 53), ('20240917', 67), ('20240918', 0), ('20240918', 28), ('20240919', 112)]",81,整体上升趋势
1609619213486087,聊天话术,4563,7697,120589221,15667,2018-08-23 19:28:23,"[('20240906', 705), ('20240907', 737), ('20240908', 697), ('20240909', 610), ('20240910', 565), ('20240911', 560), ('20240912', 522), ('20240913', 475), ('20240914', 515), ('20240915', 450), ('20240916', 0), ('20240916', 432), ('20240917', 396), ('20240918', 1869), ('20240919', 2302)]",1597,整体上升趋势
1687017146854411,挽回复合和好,1529,45,508355,11296,2020-12-25 02:56:37,"[('20240919', 1529)]",0,无明显趋势变化
1722172363172868,海大绵的vlog,1516,289,122510955,423913,2022-01-17 03:55:49,"[('20240906', 802), ('20240907', 852), ('20240908', 796), ('20240909', 863), ('20240910', 888), ('20240911', 830), ('20240912', 841), ('20240913', 818), ('20240914', 808), ('20240915', 823), ('20240916', 673), ('20240917', 786), ('20240918', 759), ('20240919', 838)]",36,整体上升趋势
1778971997995011,ablajan2777,1431,130,3106220,23894,2023-10-06 02:39:28,"[('20240906', 380), ('20240907', 627), ('20240908', 576), ('20240909', 448), ('20240910', 389), ('20240911', 312), ('20240912', 212), ('20240913', 248), ('20240914', 491), ('20240915', 504), ('20240916', 405), ('20240917', 313), ('20240918', 343), ('20240919', 555)]",175,整体上升趋势
7389864217383274533,李银河讲爱情,1359,67,1701231,25391,2024-07-10 04:48:49,"[('20240906', 276), ('20240907', 217), ('20240908', 230), ('20240909', 276), ('20240910', 253), ('20240911', 400), ('20240912', 389), ('20240913', 398), ('20240914', 215), ('20240915', 456), ('20240916', 414), ('20240917', 577), ('20240918', 495), ('20240919', 517)]",241,整体上升趋势
1630627377692684,高开低走,1243,821,19924363,24268,2019-04-12 16:44:10,"[('20240906', 85), ('20240907', 52), ('20240908', 92), ('20240909', 0), ('20240909', 61), ('20240910', 91), ('20240911', 42), ('20240911', 0), ('20240912', 115), ('20240913', 74), ('20240914', 63), ('20240915', 480), ('20240916', 509), ('20240917', 224), ('20240918', 202), ('20240919', 148)]",63,整体上升趋势
1611500923807812,恋爱的正确方式,1211,5940,104081885,17522,2018-09-13 13:57:22,"[('20240906', 384), ('20240907', 526), ('20240908', 434), ('20240909', 518), ('20240910', 514), ('20240911', 448), ('20240912', 438), ('20240913', 435), ('20240914', 402), ('20240915', 355), ('20240916', 460), ('20240917', 371), ('20240918', 372), ('20240919', 378)]",-6,整体下降趋势
1761513414770702,搭子社交是种什么体验,1206,106898,791059747,7400,2023-03-27 09:44:30,"[('20240906', 3784), ('20240907', 1839), ('20240908', 1312), ('20240909', 8099), ('20240910', 4665), ('20240911', 936), ('20240912', 2285), ('20240913', 5407), ('20240914', 573), ('20240915', 440), ('20240916', 439), ('20240917', 572), ('20240918', 355), ('20240919', 486)]",-3298,整体下降趋势
1646806260924423,体育生恋爱,1138,91,9954254,109387,2019-10-08 06:40:35,"[('20240906', 39), ('20240907', 21), ('20240908', 21), ('20240909', 21), ('20240912', 28), ('20240916', 0), ('20240916', 55), ('20240917', 39), ('20240919', 1138)]",1099,整体上升趋势
1658536388323341,高中阶段,1138,325,2400775,7387,2020-02-14 18:14:50,"[('20240906', 0), ('20240906', 23), ('20240907', 21), ('20240908', 21), ('20240918', 22), ('20240919', 1138)]",1138,整体上升趋势
1679714069027885,faye说星座,1137,28,436573,15591,2020-10-05 12:19:49,"[('20240906', 254), ('20240907', 231), ('20240908', 201), ('20240909', 377), ('20240910', 357), ('20240911', 313), ('20240912', 255), ('20240913', 336), ('20240914', 343), ('20240915', 232), ('20240916', 226), ('20240917', 361), ('20240918', 387), ('20240919', 226)]",-28,整体下降趋势
1650072711296007,婚神,1132,115,1590349,13829,2019-11-13 07:59:25,"[('20240906', 40), ('20240907', 40), ('20240908', 47), ('20240909', 47), ('20240910', 40), ('20240911', 82), ('20240912', 39), ('20240913', 29), ('20240914', 39), ('20240915', 56), ('20240916', 39), ('20240917', 53), ('20240918', 72), ('20240919', 1115)]",1075,整体上升趋势
1706138746074126,男性觉醒,78668,12668,237049899,18712,2021-07-24 04:25:18,"[('20240906', 50879), ('20240907', 2567), ('20240908', 2049), ('20240909', 3117), ('20240910', 1758), ('20240911', 1496), ('20240912', 1786), ('20240913', 16154), ('20240914', 29771), ('20240915', 20120), ('20240916', 11934), ('20240917', 9639), ('20240918', 8082), ('20240919', 3509)]",-47370,整体下降趋势
1620599657535491,女生看,1109,1887,175924440,93229,2018-12-23 00:17:51,"[('20240906', 1062), ('20240907', 732), ('20240908', 776), ('20240909', 803), ('20240910', 652), ('20240911', 607), ('20240912', 796), ('20240913', 856), ('20240914', 722), ('20240915', 641), ('20240916', 673), ('20240917', 741), ('20240918', 1055), ('20240919', 770)]",-292,整体下降趋势
1598723819863047,情感危机,1079,6948,167598244,24121,2018-04-25 13:10:46,"[('20240906', 173), ('20240907', 118), ('20240908', 99), ('20240909', 137), ('20240910', 130), ('20240911', 111), ('20240912', 113), ('20240913', 127), ('20240914', 158), ('20240915', 181), ('20240916', 135), ('20240917', 340), ('20240917', 0), ('20240918', 375), ('20240919', 375)]",202,整体上升趋势
1713956420959244,成都婚礼主持林欣,1051,159,24748053,155648,2021-10-18 11:25:35,"[('20240906', 792), ('20240907', 762), ('20240908', 593), ('20240909', 638), ('20240910', 538), ('20240911', 496), ('20240912', 689), ('20240913', 544), ('20240914', 419), ('20240915', 604), ('20240916', 460), ('20240917', 488), ('20240918', 496), ('20240919', 527)]",-265,整体下降趋势
1770101147048971,豆姐唠嗑,972,400,19847201,49618,2023-06-30 04:40:59,"[('20240906', 792), ('20240907', 727), ('20240908', 644), ('20240909', 506), ('20240910', 477), ('20240911', 677), ('20240912', 678), ('20240913', 403), ('20240914', 371), ('20240915', 362), ('20240916', 320), ('20240917', 480), ('20240918', 402), ('20240919', 445)]",-347,整体下降趋势
7365856421813946420,羽哥情感,949,89,1676487,18836,2024-05-06 12:06:05,"[('20240906', 114), ('20240907', 168), ('20240908', 174), ('20240909', 185), ('20240910', 131), ('20240911', 115), ('20240912', 169), ('20240913', 302), ('20240914', 323), ('20240915', 353), ('20240916', 173), ('20240917', 210), ('20240918', 223), ('20240919', 327)]",213,整体上升趋势
1616267418162179,冷淡期,949,1143,87448664,76508,2018-11-05 04:38:45,"[('20240919', 195)]",0,无明显趋势变化
1613753995231246,深二代,936,1097,35255769,32138,2018-10-08 10:48:58,"[('20240906', 33), ('20240906', 0), ('20240907', 0), ('20240907', 34), ('20240908', 31), ('20240909', 62), ('20240910', 39), ('20240911', 39), ('20240912', 21), ('20240913', 518), ('20240914', 250), ('20240915', 195), ('20240916', 139), ('20240917', 124), ('20240918', 143), ('20240919', 120)]",87,整体上升趋势
1737150568186958,海洋说情感,927,171,35349222,206720,2022-07-01 11:48:11,"[('20240906', 484), ('20240907', 732), ('20240908', 1031), ('20240909', 631), ('20240910', 652), ('20240911', 590), ('20240912', 544), ('20240913', 554), ('20240914', 464), ('20240915', 361), ('20240916', 401), ('20240917', 363), ('20240918', 378), ('20240919', 360)]",-124,整体下降趋势
1636246934638595,买单哥,887,914,663974902,726449,2019-06-13 17:24:37,"[('20240906', 485), ('20240907', 506), ('20240908', 734), ('20240909', 553), ('20240910', 631), ('20240911', 480), ('20240912', 391), ('20240913', 548), ('20240914', 672), ('20240915', 563), ('20240916', 444), ('20240917', 558), ('20240918', 636), ('20240919', 613)]",128,整体上升趋势
1760983796171787,多金注意事项,2549,294,47392524,161199,2023-03-21 13:26:51,"[('20240906', 463), ('20240907', 397), ('20240908', 386), ('20240909', 379), ('20240910', 282), ('20240911', 280), ('20240912', 247), ('20240913', 268), ('20240914', 224), ('20240915', 203), ('20240916', 243), ('20240917', 949), ('20240918', 884), ('20240919', 1280)]",817,整体上升趋势
1617441515369480,安慰女生,865,452,19037618,42118,2018-11-18 03:40:32,"[('20240906', 51), ('20240907', 60), ('20240908', 45), ('20240909', 71), ('20240910', 64), ('20240911', 79), ('20240912', 50), ('20240913', 60), ('20240914', 69), ('20240915', 57), ('20240916', 42), ('20240917', 387), ('20240918', 396), ('20240919', 134)]",83,整体上升趋势
1621742071243784,优质女,855,852,23658860,27768,2019-01-04 14:56:01,"[('20240906', 112), ('20240907', 0), ('20240907', 60), ('20240908', 70), ('20240909', 69), ('20240910', 140), ('20240911', 89), ('20240912', 70), ('20240913', 91), ('20240914', 40), ('20240915', 81), ('20240916', 381), ('20240917', 477), ('20240918', 86), ('20240919', 85)]",-27,整体下降趋势
1611300195317767,隐婚,846,3091,199904396,64673,2018-09-11 08:46:52,"[('20240906', 41), ('20240907', 81), ('20240908', 42), ('20240909', 40), ('20240910', 76), ('20240911', 58), ('20240912', 50), ('20240913', 63), ('20240914', 63), ('20240914', 0), ('20240915', 396), ('20240915', 0), ('20240916', 354), ('20240916', 0), ('20240917', 145), ('20240918', 79), ('20240918', 0), ('20240919', 103)]",62,整体上升趋势
1686500531311643,你阿玉哥,829,251,597272036,2379569,2020-12-19 10:04:29,"[('20240906', 300), ('20240907', 341), ('20240908', 311), ('20240909', 343), ('20240910', 343), ('20240911', 287), ('20240912', 301), ('20240913', 342), ('20240914', 347), ('20240915', 424), ('20240916', 378), ('20240917', 359), ('20240918', 389), ('20240919', 328)]",28,整体上升趋势
1614099373702157,情执,819,649,7411167,11419,2018-10-12 06:18:37,"[('20240906', 97), ('20240907', 174), ('20240908', 164), ('20240909', 148), ('20240910', 0), ('20240910', 212), ('20240911', 124), ('20240911', 0), ('20240912', 191), ('20240913', 251), ('20240914', 132), ('20240915', 165), ('20240916', 136), ('20240917', 173), ('20240918', 161), ('20240919', 226)]",129,整体上升趋势
1644830101535755,青岛红娘,5498,4327,141151481,32621,2019-09-16 11:10:23,"[('20240906', 1871), ('20240907', 2021), ('20240908', 2640), ('20240909', 1137), ('20240910', 1715), ('20240911', 1373), ('20240912', 1473), ('20240913', 1141), ('20240914', 1067), ('20240915', 1357), ('20240916', 1142), ('20240917', 1108), ('20240918', 1407), ('20240919', 2448)]",577,整体上升趋势
1659927182671901,视频很长耐心看完,807,1873,76424471,40803,2020-03-01 02:33:43,"[('20240906', 0), ('20240906', 189), ('20240907', 168), ('20240907', 0), ('20240908', 281), ('20240909', 172), ('20240910', 202), ('20240911', 246), ('20240912', 226), ('20240913', 213), ('20240914', 141), ('20240915', 183), ('20240916', 159), ('20240917', 201), ('20240918', 136), ('20240919', 244)]",244,整体上升趋势
1653980088323079,简曼,799,2212,35705462,16141,2019-12-26 11:06:20,"[('20240906', 237), ('20240907', 332), ('20240908', 466), ('20240909', 298), ('20240910', 328), ('20240911', 327), ('20240912', 344), ('20240913', 344), ('20240914', 304), ('20240915', 284), ('20240916', 278), ('20240917', 252), ('20240918', 304), ('20240919', 413)]",176,整体上升趋势
1623117637783559,撩汉小技巧,794,840,32859434,39118,2019-01-19 19:20:04,"[('20240906', 431), ('20240907', 475), ('20240908', 836), ('20240909', 0), ('20240909', 400), ('20240910', 302), ('20240911', 545), ('20240912', 204), ('20240913', 243), ('20240914', 280), ('20240915', 203), ('20240916', 173), ('20240917', 214), ('20240918', 172), ('20240919', 139)]",-292,整体下降趋势
1585412683375629,智者,760,8169,196168312,24013,2017-11-29 14:55:57,"[('20240906', 301), ('20240907', 290), ('20240908', 238), ('20240909', 292), ('20240910', 567), ('20240911', 372), ('20240912', 304), ('20240913', 379), ('20240914', 219), ('20240915', 391), ('20240916', 251), ('20240917', 338), ('20240918', 283), ('20240919', 338)]",37,整体上升趋势
1717597036740621,浪漫过敏,738,2405,136161711,56616,2021-11-27 15:51:46,"[('20240906', 134), ('20240907', 137), ('20240908', 253), ('20240909', 239), ('20240910', 607), ('20240910', 0), ('20240911', 334), ('20240912', 171), ('20240913', 229), ('20240914', 167), ('20240915', 212), ('20240916', 262), ('20240917', 158), ('20240918', 139), ('20240919', 162)]",28,整体上升趋势
1757163553287168,情感回信人,732,1075,58974343,54859,2023-02-07 09:23:57,"[('20240906', 250), ('20240907', 305), ('20240908', 202), ('20240909', 182), ('20240910', 160), ('20240911', 138), ('20240912', 328), ('20240913', 217), ('20240914', 338), ('20240915', 211), ('20240916', 570), ('20240917', 233), ('20240918', 237), ('20240919', 248)]",-2,整体下降趋势
1575171436111950,记不住,688,1852,15455324,8345,2017-08-08 13:55:43,"[('20240919', 104)]",0,无明显趋势变化
1638208418633742,逆反心理,675,1424,16833527,11821,2019-07-05 09:01:34,"[('20240906', 49), ('20240907', 51), ('20240908', 0), ('20240908', 51), ('20240909', 49), ('20240910', 47), ('20240911', 56), ('20240912', 56), ('20240913', 172), ('20240914', 308), ('20240915', 298), ('20240916', 101), ('20240917', 86), ('20240918', 85), ('20240919', 54)]",5,整体上升趋势
1599813548186632,恋爱经历,646,1600,99016920,61885,2018-05-07 13:51:32,"[('20240906', 289), ('20240907', 187), ('20240908', 184), ('20240909', 138), ('20240910', 150), ('20240911', 145), ('20240912', 149), ('20240913', 242), ('20240914', 229), ('20240915', 247), ('20240916', 159), ('20240917', 147), ('20240918', 162), ('20240919', 109)]",-180,整体下降趋势
1663951129069576,回避型恋爱人格,645,8980,95139791,10594,2020-04-14 12:31:14,"[('20240906', 203), ('20240907', 116), ('20240908', 259), ('20240909', 157), ('20240910', 153), ('20240911', 155), ('20240912', 155), ('20240913', 120), ('20240914', 167), ('20240915', 169), ('20240916', 179), ('20240917', 221), ('20240918', 215), ('20240919', 203)]",0,无明显趋势变化
1734459676580931,多金情感,641,414,51170686,123600,2022-06-01 18:54:56,"[('20240906', 391), ('20240907', 361), ('20240908', 477), ('20240909', 371), ('20240910', 259), ('20240911', 244), ('20240912', 257), ('20240913', 202), ('20240914', 441), ('20240915', 218), ('20240916', 224), ('20240917', 243), ('20240918', 271), ('20240919', 190)]",-201,整体下降趋势
1621415213429773,情感疗愈,628,12363,71112268,5752,2019-01-01 00:20:45,"[('20240906', 345), ('20240907', 359), ('20240908', 451), ('20240909', 302), ('20240910', 285), ('20240911', 235), ('20240912', 219), ('20240913', 314), ('20240914', 170), ('20240915', 235), ('20240916', 257), ('20240917', 0), ('20240917', 164), ('20240918', 325), ('20240919', 261)]",-84,整体下降趋势
1593119633701896,收心,625,9565,55091098,5759,2018-02-22 16:34:38,"[('20240906', 176), ('20240907', 171), ('20240908', 142), ('20240909', 176), ('20240910', 141), ('20240911', 117), ('20240911', 0), ('20240912', 245), ('20240913', 270), ('20240913', 0), ('20240914', 119), ('20240915', 174), ('20240916', 87), ('20240917', 87), ('20240918', 123), ('20240919', 104)]",-72,整体下降趋势
1716738252053518,如何拿捏男人,8539,30760,664241934,21594,2021-11-18 04:20:29,"[('20240906', 1369), ('20240907', 1420), ('20240908', 1676), ('20240909', 2257), ('20240910', 3886), ('20240911', 2697), ('20240912', 1852), ('20240913', 3411), ('20240914', 2422), ('20240915', 1716), ('20240916', 1641), ('20240917', 1685), ('20240918', 1579), ('20240919', 2334)]",965,整体上升趋势
1663943911555079,女生智慧,561,5383,115745470,21502,2020-04-14 10:38:52,"[('20240906', 201), ('20240907', 238), ('20240908', 186), ('20240909', 173), ('20240910', 168), ('20240911', 194), ('20240912', 202), ('20240913', 193), ('20240914', 217), ('20240915', 156), ('20240916', 262), ('20240917', 210), ('20240918', 230), ('20240919', 228)]",27,整体上升趋势
1762857933446158,贾冰柳岩新片互怼笑出鹅叫声,540,684,26139393,38215,2023-04-11 05:58:32,"[('20240906', 81), ('20240906', 0), ('20240907', 87), ('20240908', 0), ('20240908', 81), ('20240909', 0), ('20240909', 124), ('20240910', 88), ('20240910', 0), ('20240911', 0), ('20240911', 111), ('20240912', 97), ('20240913', 69), ('20240914', 69), ('20240915', 157), ('20240915', 0), ('20240916', 83), ('20240916', 0), ('20240917', 146), ('20240918', 81), ('20240918', 0), ('20240919', 165)]",84,整体上升趋势
1593355475747843,撩汉技巧,483,2795,273783588,97954,2018-02-25 07:03:14,"[('20240906', 147), ('20240907', 216), ('20240908', 199), ('20240909', 199), ('20240910', 142), ('20240911', 161), ('20240912', 195), ('20240913', 254), ('20240914', 138), ('20240915', 188), ('20240916', 265), ('20240917', 145), ('20240918', 210), ('20240919', 155)]",8,整体上升趋势
1630396925598723,智慧男人,5947,14538,178110540,12251,2019-04-10 03:41:14,"[('20240906', 817), ('20240907', 748), ('20240908', 549), ('20240909', 581), ('20240910', 667), ('20240911', 567), ('20240912', 507), ('20240913', 526), ('20240914', 870), ('20240915', 698), ('20240916', 537), ('20240917', 2032), ('20240918', 3117), ('20240919', 1122)]",305,整体上升趋势
1593928172324872,大胆一点,471,20946,127505535,6087,2018-03-03 14:46:00,"[('20240906', 157), ('20240907', 87), ('20240907', 0), ('20240908', 115), ('20240909', 164), ('20240910', 237), ('20240911', 216), ('20240912', 151), ('20240913', 180), ('20240914', 99), ('20240915', 113), ('20240916', 107), ('20240917', 160), ('20240918', 130), ('20240919', 123)]",-34,整体下降趋势
1596913843489821,十几岁的爱情,46366,1170,55543437,47473,2018-04-05 13:41:58,"[('20240906', 131), ('20240907', 170), ('20240908', 139), ('20240909', 84), ('20240910', 119), ('20240911', 72), ('20240912', 114), ('20240913', 101), ('20240914', 7122), ('20240915', 34920), ('20240916', 4609), ('20240917', 2881), ('20240918', 2209), ('20240919', 1006)]",875,整体上升趋势
1595376401054733,不甘心,468,14572,99985049,6861,2018-03-19 14:24:59,"[('20240906', 124), ('20240907', 106), ('20240908', 250), ('20240909', 170), ('20240910', 124), ('20240911', 140), ('20240912', 107), ('20240913', 153), ('20240914', 119), ('20240915', 117), ('20240916', 172), ('20240917', 93), ('20240918', 193), ('20240919', 242)]",118,整体上升趋势
1665864441534471,亲密付,2842,551,33676388,61118,2020-05-05 15:22:23,"[('20240906', 0), ('20240908', 0), ('20240910', 1001), ('20240913', 224), ('20240914', 193), ('20240915', 335), ('20240918', 362), ('20240919', 738)]",738,整体上升趋势
1714318077144078,男生如何追求自己喜欢的女生,441,4963,109558085,22074,2021-10-22 11:14:07,"[('20240906', 300), ('20240907', 291), ('20240908', 175), ('20240909', 259), ('20240910', 222), ('20240911', 185), ('20240912', 307), ('20240913', 131), ('20240913', 0), ('20240914', 210), ('20240915', 279), ('20240916', 176), ('20240917', 175), ('20240918', 221), ('20240919', 160)]",-140,整体下降趋势
1669932379664391,常敬,435,701,9193938,13115,2020-06-19 13:01:07,"[('20240906', 312), ('20240907', 392), ('20240908', 390), ('20240909', 293), ('20240910', 298), ('20240911', 249), ('20240912', 311), ('20240913', 252), ('20240914', 314), ('20240915', 250), ('20240916', 253), ('20240917', 288), ('20240918', 210), ('20240919', 321)]",9,整体上升趋势
1607216315340829,不吵架,431,584,5654944,9683,2018-07-28 06:55:21,"[('20240919', 107)]",0,无明显趋势变化
1740840299567115,此刻恋爱脑已经到达了巅峰,429,8789,122675130,13957,2022-08-11 05:17:21,"[('20240906', 0), ('20240906', 81), ('20240907', 60), ('20240908', 90), ('20240909', 37), ('20240910', 79), ('20240911', 0), ('20240911', 82), ('20240912', 76), ('20240912', 0), ('20240913', 87), ('20240914', 0), ('20240914', 84), ('20240915', 47), ('20240916', 109), ('20240917', 86), ('20240918', 97), ('20240919', 177)]",177,整体上升趋势
1699652306122759,彩妆t,411,98,8069640,82343,2021-05-13 14:09:25,"[('20240906', 125), ('20240907', 138), ('20240908', 130), ('20240909', 130), ('20240910', 123), ('20240911', 112), ('20240912', 111), ('20240913', 118), ('20240914', 101), ('20240915', 182), ('20240916', 196), ('20240917', 165), ('20240918', 107), ('20240919', 117)]",-8,整体下降趋势
1571080165432322,疑神疑鬼,411,496,3162650,6376,2017-06-24 10:06:43,"[('20240906', 36), ('20240906', 0), ('20240907', 30), ('20240907', 0), ('20240908', 22), ('20240908', 0), ('20240909', 22), ('20240910', 21), ('20240911', 21), ('20240912', 28), ('20240913', 21), ('20240914', 0), ('20240914', 29), ('20240916', 28), ('20240917', 42), ('20240918', 186), ('20240919', 245)]",209,整体上升趋势
1605520286701613,假性分手,409,412,4313600,10469,2018-07-09 13:37:42,"[('20240906', 368), ('20240907', 417), ('20240908', 267), ('20240909', 174), ('20240910', 0), ('20240910', 115), ('20240911', 96), ('20240912', 79), ('20240913', 70), ('20240914', 70), ('20240915', 104), ('20240916', 90), ('20240917', 0), ('20240917', 128), ('20240918', 95), ('20240919', 97)]",-271,整体下降趋势
1632427672048651,求婚的意义,406,105,6562019,62495,2019-05-02 13:39:04,"[('20240906', 78), ('20240907', 44), ('20240907', 0), ('20240908', 69), ('20240909', 50), ('20240910', 41), ('20240911', 40), ('20240912', 47), ('20240913', 48), ('20240914', 71), ('20240915', 92), ('20240916', 77), ('20240917', 0), ('20240917', 48), ('20240918', 0), ('20240918', 192), ('20240919', 89)]",11,整体上升趋势
1614927699038221,抱柱子,404,136,3778696,27784,2018-10-21 09:44:29,"[('20240906', 440), ('20240907', 311), ('20240908', 376), ('20240909', 133), ('20240910', 187), ('20240911', 123), ('20240912', 123), ('20240913', 174), ('20240914', 162), ('20240915', 151), ('20240916', 247), ('20240917', 185), ('20240918', 253), ('20240919', 178)]",-262,整体下降趋势
1708423759290379,恋爱修复,401,26934,150203356,5576,2021-08-18 09:55:24,"[('20240906', 73), ('20240912', 0), ('20240913', 0), ('20240914', 64), ('20240915', 0), ('20240916', 0), ('20240917', 89), ('20240919', 316)]",243,整体上升趋势
1649183239641099,aa制恋爱,398,434,25965970,59829,2019-11-03 12:21:39,"[('20240906', 74), ('20240906', 0), ('20240907', 60), ('20240907', 0), ('20240908', 0), ('20240908', 79), ('20240909', 0), ('20240909', 88), ('20240910', 56), ('20240910', 0), ('20240911', 111), ('20240911', 0), ('20240912', 65), ('20240913', 0), ('20240913', 71), ('20240914', 97), ('20240914', 0), ('20240915', 70), ('20240915', 0), ('20240916', 70), ('20240916', 0), ('20240917', 82), ('20240917', 0), ('20240918', 113), ('20240918', 0), ('20240919', 105)]",31,整体上升趋势
1613763006862340,父母反对的婚姻,395,842,33374879,39637,2018-10-08 13:12:12,"[('20240906', 0), ('20240908', 0), ('20240910', 0), ('20240913', 0), ('20240914', 0), ('20240916', 0), ('20240918', 0), ('20240919', 113)]",113,整体上升趋势
1718594436039693,#国学,395,5635,19856787,3523,2021-12-08 16:20:48,"[('20240906', 0), ('20240906', 89), ('20240907', 0), ('20240907', 73), ('20240908', 67), ('20240909', 105), ('20240910', 73), ('20240911', 93), ('20240912', 101), ('20240913', 118), ('20240914', 86), ('20240915', 129), ('20240916', 77), ('20240917', 64), ('20240918', 172), ('20240919', 75)]",75,整体上升趋势
1679155011119117,和女生聊天话题,384,3440,47768329,13886,2020-09-29 08:11:06,"[('20240907', 195), ('20240916', 157), ('20240917', 0), ('20240918', 160), ('20240919', 177)]",-18,整体下降趋势
1602165688953860,邀约,381,3989,49931167,12517,2018-06-02 12:57:48,"[('20240906', 239), ('20240907', 244), ('20240908', 253), ('20240909', 221), ('20240910', 191), ('20240911', 237), ('20240912', 158), ('20240913', 151), ('20240914', 214), ('20240915', 216), ('20240916', 200), ('20240917', 210), ('20240918', 170), ('20240919', 194)]",-45,整体下降趋势
1632014689034252,挽留前任,381,10757,190138856,17675,2019-04-28 00:14:53,"[('20240907', 0), ('20240908', 0), ('20240909', 73), ('20240911', 57), ('20240914', 0), ('20240918', 0), ('20240919', 199)]",199,整体上升趋势
1611639194049603,感情升温,381,2925,62131684,21241,2018-09-15 02:35:07,"[('20240906', 398), ('20240907', 276), ('20240908', 286), ('20240909', 221), ('20240910', 223), ('20240911', 249), ('20240912', 184), ('20240913', 172), ('20240914', 260), ('20240915', 171), ('20240916', 158), ('20240917', 227), ('20240918', 162), ('20240919', 165)]",-233,整体下降趋势
1630882424288260,极端性格,381,160,1305947,8162,2019-04-15 12:18:01,"[('20240906', 21), ('20240907', 21), ('20240908', 29), ('20240909', 21), ('20240910', 22), ('20240911', 36), ('20240912', 22), ('20240912', 0), ('20240913', 210), ('20240914', 132), ('20240915', 69), ('20240916', 53), ('20240917', 44), ('20240918', 50), ('20240919', 92)]",71,整体上升趋势
1759802521698311,妇女节氛围感已拉满,373,26167,146713466,5606,2023-03-08 12:28:16,"[('20240919', 118)]",0,无明显趋势变化
1735400758598656,桑总说,368,12,70615,5884,2022-06-12 04:12:23,"[('20240906', 21), ('20240907', 28), ('20240909', 21), ('20240914', 21), ('20240915', 22), ('20240916', 66), ('20240917', 155), ('20240918', 123), ('20240919', 159)]",138,整体上升趋势
1658883809097731,奶盐哲学,366,804,1239872071,1542129,2020-02-18 14:09:13,"[('20240906', 253), ('20240907', 152), ('20240908', 209), ('20240909', 275), ('20240910', 156), ('20240911', 347), ('20240912', 251), ('20240913', 214), ('20240914', 209), ('20240915', 258), ('20240916', 232), ('20240917', 235), ('20240918', 192), ('20240919', 146)]",-107,整体下降趋势
1711345732210701,双鱼满月,364,19,54191,2852,2021-09-19 15:50:35,"[('20240913', 24), ('20240914', 99), ('20240915', 123), ('20240916', 92), ('20240917', 104), ('20240918', 107), ('20240919', 75)]",51,整体上升趋势
1684510295740429,恋爱基本功,352,326,83561540,256323,2020-11-27 10:50:21,"[('20240906', 212), ('20240907', 72), ('20240908', 243), ('20240909', 105), ('20240910', 102), ('20240911', 176), ('20240912', 111), ('20240913', 100), ('20240914', 94), ('20240915', 52), ('20240916', 101), ('20240917', 113), ('20240918', 166), ('20240919', 278)]",66,整体上升趋势
1675452874915853,如何面对男人的冷暴力,349,977,23802133,24362,2020-08-19 11:28:32,"[('20240906', 55), ('20240907', 100), ('20240908', 95), ('20240909', 67), ('20240910', 99), ('20240911', 90), ('20240912', 85), ('20240913', 43), ('20240914', 67), ('20240915', 69), ('20240916', 74), ('20240917', 0), ('20240917', 116), ('20240918', 92), ('20240919', 72)]",17,整体上升趋势
1654712931685390,情感真相,340,1419,7671776,5406,2020-01-03 13:14:15,"[('20240906', 169), ('20240907', 232), ('20240908', 140), ('20240909', 167), ('20240910', 132), ('20240911', 173), ('20240912', 115), ('20240913', 129), ('20240914', 186), ('20240915', 183), ('20240916', 165), ('20240917', 213), ('20240918', 172), ('20240919', 119)]",-50,整体下降趋势
1734148794613768,朱荣杰,335,1563,78684218,50341,2022-05-29 08:35:44,"[('20240906', 0), ('20240906', 76), ('20240907', 193), ('20240908', 121), ('20240909', 77), ('20240910', 60), ('20240911', 84), ('20240912', 62), ('20240913', 87), ('20240914', 75), ('20240915', 139), ('20240916', 91), ('20240916', 0), ('20240917', 160), ('20240918', 69), ('20240919', 81)]",81,整体上升趋势
1590551707032583,做朋友,325,5750,71526949,12439,2018-01-25 08:18:32,"[('20240906', 94), ('20240907', 88), ('20240908', 107), ('20240909', 104), ('20240910', 138), ('20240911', 123), ('20240912', 125), ('20240913', 114), ('20240914', 101), ('20240915', 109), ('20240916', 126), ('20240917', 105), ('20240918', 111), ('20240919', 115)]",21,整体上升趋势
1712334828786702,男生朋友圈发什么,324,89,12017118,135023,2021-09-30 13:50:38,"[('20240906', 90), ('20240907', 78), ('20240908', 122), ('20240909', 67), ('20240910', 68), ('20240911', 62), ('20240912', 53), ('20240913', 107), ('20240914', 65), ('20240915', 106), ('20240916', 37), ('20240917', 79), ('20240918', 64), ('20240919', 105)]",15,整体上升趋势
1688060009963528,浩青情感,1164,2318,266586334,115007,2021-01-05 15:16:59,"[('20240906', 865), ('20240907', 909), ('20240908', 738), ('20240909', 958), ('20240910', 729), ('20240911', 684), ('20240912', 690), ('20240913', 611), ('20240914', 615), ('20240915', 462), ('20240916', 507), ('20240917', 597), ('20240918', 539), ('20240919', 834)]",-31,整体下降趋势
1593376489624583,天蝎男友,322,4390,80166425,18261,2018-02-25 12:37:15,"[('20240906', 204), ('20240907', 186), ('20240908', 159), ('20240909', 195), ('20240910', 131), ('20240911', 108), ('20240912', 126), ('20240913', 167), ('20240914', 180), ('20240915', 131), ('20240916', 125), ('20240917', 144), ('20240918', 258), ('20240919', 149)]",-55,整体下降趋势
1583205385031853,剩女的烦恼,322,1753,52314365,29842,2017-11-05 06:11:53,"[('20240906', 2602), ('20240906', 0), ('20240907', 0), ('20240907', 223), ('20240908', 60), ('20240909', 30), ('20240910', 203), ('20240911', 432), ('20240912', 360), ('20240913', 0), ('20240913', 138), ('20240914', 84), ('20240915', 82), ('20240915', 0), ('20240916', 82), ('20240917', 0), ('20240917', 49), ('20240918', 43), ('20240919', 57)]",-2545,整体下降趋势
1766787715746887,星辉拂路人,319,8,1539984,192498,2023-05-24 14:58:02,"[('20240906', 176), ('20240907', 187), ('20240908', 167), ('20240909', 128), ('20240910', 137), ('20240911', 96), ('20240912', 103), ('20240913', 127), ('20240914', 95), ('20240915', 109), ('20240916', 166), ('20240917', 141), ('20240918', 154), ('20240919', 99)]",-77,整体下降趋势
1622288869605379,女生不回复,315,233,13039258,55962,2019-01-10 15:47:09,"[('20240906', 128), ('20240907', 56), ('20240908', 56), ('20240909', 109), ('20240910', 56), ('20240911', 21), ('20240912', 108), ('20240913', 93), ('20240914', 72), ('20240915', 73), ('20240916', 56), ('20240917', 109), ('20240918', 56), ('20240919', 305)]",177,整体上升趋势
7365839960702486569,意想不到告白礼大秀,315,734,54895611,74789,2024-05-06 11:01:36,"[('20240906', 53), ('20240906', 0), ('20240907', 81), ('20240907', 0), ('20240908', 100), ('20240909', 82), ('20240910', 130), ('20240911', 125), ('20240912', 102), ('20240913', 140), ('20240914', 160), ('20240915', 137), ('20240916', 108), ('20240917', 0), ('20240917', 62), ('20240918', 63), ('20240919', 113)]",60,整体上升趋势
1627047594591245,相亲经历,315,544,10642583,19563,2019-03-04 04:25:03,"[('20240907', 21), ('20240911', 21), ('20240915', 0), ('20240916', 0), ('20240916', 90), ('20240919', 35)]",14,整体上升趋势
1613644615706632,爱商,311,1934,60380297,31220,2018-10-07 05:50:26,"[('20240907', 21), ('20240909', 40), ('20240910', 79), ('20240911', 21), ('20240912', 45), ('20240913', 56), ('20240914', 111), ('20240915', 171), ('20240916', 136), ('20240917', 0), ('20240917', 63), ('20240918', 21), ('20240919', 73)]",52,整体上升趋势
1758723654742028,练习心眼子,5771,47381,2235721389,47186,2023-02-24 14:46:16,"[('20240906', 2365), ('20240907', 2567), ('20240908', 3356), ('20240909', 2720), ('20240910', 1648), ('20240911', 1425), ('20240912', 1391), ('20240913', 1284), ('20240914', 1485), ('20240915', 1599), ('20240916', 1876), ('20240917', 1763), ('20240918', 2131), ('20240919', 1714)]",-651,整体下降趋势
1591016281742340,情感毒鸡汤,306,370,7183396,19414,2018-01-30 11:22:45,"[('20240906', 40), ('20240907', 337), ('20240908', 647), ('20240909', 189), ('20240910', 202), ('20240911', 124), ('20240912', 86), ('20240913', 149), ('20240914', 87), ('20240915', 58), ('20240916', 73), ('20240917', 73), ('20240918', 59), ('20240919', 70)]",30,整体上升趋势
1741225152347140,老吴的饭局,304,134,12450081,92911,2022-08-15 11:09:03,"[('20240906', 162), ('20240907', 198), ('20240908', 137), ('20240909', 163), ('20240910', 139), ('20240911', 136), ('20240912', 137), ('20240913', 162), ('20240914', 129), ('20240915', 105), ('20240916', 144), ('20240917', 153), ('20240918', 139), ('20240919', 155)]",-7,整体下降趋势
1745392457463837,华伦天奴色彩狂想,304,77807,345444903,4439,2022-09-30 11:05:59,"[('20240906', 111), ('20240907', 111), ('20240907', 0), ('20240908', 81), ('20240909', 104), ('20240910', 148), ('20240911', 87), ('20240912', 133), ('20240913', 85), ('20240914', 136), ('20240915', 70), ('20240916', 90), ('20240917', 87), ('20240918', 138), ('20240919', 95)]",-16,整体下降趋势
1622834820756483,男女思维,295,3724,62730405,16844,2019-01-16 16:24:48,"[('20240906', 284), ('20240907', 278), ('20240908', 339), ('20240909', 374), ('20240910', 324), ('20240911', 124), ('20240912', 172), ('20240913', 175), ('20240914', 177), ('20240915', 152), ('20240916', 166), ('20240917', 156), ('20240918', 138), ('20240919', 197)]",-87,整体下降趋势
1702272773179470,合格男友的标准有哪些,289,7169,108970056,15200,2021-06-11 12:23:22,"[('20240906', 74), ('20240907', 61), ('20240907', 0), ('20240908', 49), ('20240909', 92), ('20240910', 54), ('20240911', 99), ('20240912', 47), ('20240913', 0), ('20240913', 30), ('20240914', 112), ('20240915', 63), ('20240915', 0), ('20240916', 40), ('20240917', 96), ('20240917', 0), ('20240918', 0), ('20240918', 36), ('20240919', 160)]",86,整体上升趋势
7370909184319850533,什么视频配上这音乐都会伤感吗,287,48588,233801512,4811,2024-05-20 02:53:16,"[('20240906', 260), ('20240907', 201), ('20240908', 214), ('20240909', 124), ('20240910', 164), ('20240911', 174), ('20240912', 182), ('20240913', 123), ('20240914', 163), ('20240915', 162), ('20240916', 123), ('20240917', 177), ('20240918', 0), ('20240918', 88), ('20240919', 137)]",-123,整体下降趋势
1617988979270663,色彩心理,282,519,3867468,7451,2018-11-24 04:42:14,"[('20240906', 137), ('20240907', 50), ('20240908', 221), ('20240909', 542), ('20240910', 401), ('20240911', 224), ('20240912', 120), ('20240913', 164), ('20240914', 131), ('20240915', 156), ('20240916', 109), ('20240917', 81), ('20240918', 99), ('20240919', 91)]",-46,整体下降趋势
1722018345694219,陈老头啊,280,258,29174733,113080,2022-01-15 11:04:42,"[('20240906', 155), ('20240907', 150), ('20240908', 181), ('20240909', 140), ('20240910', 181), ('20240911', 151), ('20240912', 174), ('20240913', 195), ('20240914', 132), ('20240915', 111), ('20240916', 156), ('20240917', 131), ('20240918', 121), ('20240919', 154)]",-1,整体下降趋势
1603624107267139,恋爱知识,279,2176,139418328,64070,2018-06-18 15:18:44,"[('20240906', 160), ('20240907', 126), ('20240908', 126), ('20240909', 138), ('20240910', 175), ('20240911', 167), ('20240912', 194), ('20240913', 249), ('20240914', 110), ('20240915', 101), ('20240916', 125), ('20240917', 150), ('20240918', 184), ('20240919', 204)]",44,整体上升趋势
1730599622760456,爱是双向奔赴不是放低姿态,269,3801,100389078,26411,2022-04-20 04:23:15,"[('20240906', 105), ('20240907', 119), ('20240907', 0), ('20240908', 83), ('20240908', 0), ('20240909', 80), ('20240910', 86), ('20240911', 58), ('20240912', 0), ('20240912', 42), ('20240913', 54), ('20240914', 77), ('20240915', 71), ('20240916', 99), ('20240917', 133), ('20240918', 128), ('20240919', 150)]",45,整体上升趋势
1702817126525956,男性思维vs女性思维,267,259,8874633,34264,2021-06-17 12:30:07,"[('20240906', 70), ('20240907', 103), ('20240908', 52), ('20240909', 90), ('20240910', 66), ('20240911', 44), ('20240912', 80), ('20240913', 42), ('20240914', 49), ('20240915', 72), ('20240916', 78), ('20240917', 78), ('20240918', 40), ('20240919', 103)]",33,整体上升趋势
1615765428319326,男人追女人,1343,370,6113414,16522,2018-10-30 15:39:50,"[('20240913', 28), ('20240916', 21), ('20240917', 21), ('20240918', 1079), ('20240919', 367)]",339,整体上升趋势
1582875639112718,娶你,263,817,9272072,11348,2017-11-01 14:50:43,"[('20240906', 21), ('20240907', 817), ('20240908', 554), ('20240909', 74), ('20240910', 64), ('20240911', 57), ('20240912', 63), ('20240913', 27), ('20240913', 0), ('20240914', 60), ('20240915', 43), ('20240916', 43), ('20240917', 67), ('20240918', 127), ('20240919', 116)]",95,整体上升趋势
1641126717768708,音乐风格,258,941,54087330,57478,2019-08-06 14:06:41,"[('20240906', 186), ('20240907', 191), ('20240908', 164), ('20240909', 146), ('20240910', 155), ('20240911', 159), ('20240912', 185), ('20240913', 141), ('20240914', 146), ('20240915', 243), ('20240916', 154), ('20240917', 119), ('20240918', 127), ('20240919', 124)]",-62,整体下降趋势
1705261393796104,每日热点榜,253,13,4195065,322697,2021-07-14 12:03:39,"[('20240919', 49)]",0,无明显趋势变化
